id,name,date_utc,year,launchpad,rocket_name,launched_flag,weather_scrub_flag,details
5eb87cddffd86e000604b32f,Falcon 9 Test Flight,2010-06-04 18:45:00+00:00,2010,5e9e4501f509094ba4566f84,Falcon 9,1.0,False,
5eb87cdeffd86e000604b330,COTS 1,2010-12-08 15:43:00+00:00,2010,5e9e4501f509094ba4566f84,Falcon 9,1.0,False,
5eb87cdfffd86e000604b331,COTS 2,2012-05-22 07:44:00+00:00,2012,5e9e4501f509094ba4566f84,Falcon 9,1.0,False,"Launch was scrubbed on first attempt, second launch attempt was successful"
5eb87ce0ffd86e000604b332,CRS-1,2012-10-08 00:35:00+00:00,2012,5e9e4501f509094ba4566f84,Falcon 9,1.0,False,"CRS-1 successful, but the secondary payload was inserted into abnormally low orbit and lost due to Falcon 9 boost stage engine failure, ISS visiting vehicle safety rules, and the primary payload owner's contractual right to decline a second ignition of the second stage under some conditions."
5eb87ce1ffd86e000604b333,CRS-2,2013-03-01 19:10:00+00:00,2013,5e9e4501f509094ba4566f84,Falcon 9,1.0,False,Last launch of the original Falcon 9 v1.0 launch vehicle
5eb87ce2ffd86e000604b335,SES-8,2013-12-03 22:41:00+00:00,2013,5e9e4501f509094ba4566f84,Falcon 9,1.0,False,First GTO launch for Falcon 9
5eb87ce3ffd86e000604b336,Thaicom 6,2014-01-06 18:06:00+00:00,2014,5e9e4501f509094ba4566f84,Falcon 9,1.0,False,"Second GTO launch for Falcon 9. The USAF evaluated launch data from this flight as part of a separate certification program for SpaceX to qualify to fly U.S. military payloads and found that the Thaicom 6 launch had ""unacceptable fuel reserves at engine cutoff of the stage 2 second burnoff"""
5eb87ce4ffd86e000604b337,CRS-3,2014-04-18 19:25:00+00:00,2014,5e9e4501f509094ba4566f84,Falcon 9,1.0,False,"Following second-stage separation, SpaceX conducted a second controlled-descent test of the discarded booster vehicle and achieved the first successful controlled ocean touchdown of a liquid-rocket-engine orbital booster. Following touchdown the first stage tipped over as expected and was destroyed. This was the first Falcon 9 booster to fly with extensible landing legs and the first Dragon mission with the Falcon 9 v1.1 launch vehicle."
5eb87ce4ffd86e000604b338,OG-2 Mission 1,2014-07-14 15:15:00+00:00,2014,5e9e4501f509094ba4566f84,Falcon 9,1.0,False,"Total payload mass was 1,316 kg (2,901 lb) : 6 satellites weighing 172 kg each, plus two 142-kg mass simulators. This was the second Falcon 9 booster equipped with landing legs. Following second-stage separation, SpaceX conducted a controlled-descent test of the first stage, which successfully decelerated from hypersonic velocity in the upper atmosphere, made reentry and landing burns, deployed its legs and touched down on the ocean surface. As with the previous mission, the first stage then tipped over as expected and was not recovered."
5eb87ce5ffd86e000604b339,AsiaSat 8,2014-08-05 08:00:00+00:00,2014,5e9e4501f509094ba4566f84,Falcon 9,1.0,False,
5eb87ce6ffd86e000604b33a,AsiaSat 6,2014-09-07 05:00:00+00:00,2014,5e9e4501f509094ba4566f84,Falcon 9,1.0,False,
5eb87ce7ffd86e000604b33b,CRS-4,2014-09-21 05:52:00+00:00,2014,5e9e4501f509094ba4566f84,Falcon 9,1.0,False,
5eb87ce8ffd86e000604b33c,CRS-5,2015-01-10 09:47:00+00:00,2015,5e9e4501f509094ba4566f84,Falcon 9,1.0,False,"Following second stage separation, SpaceX performed a test flight which attempted to return the first stage of the Falcon 9 through the atmosphere and land it on an approximately 90-by-50-meter (300 ft x 160 ft) floating platform-called the autonomous spaceport drone ship. Many of the test objectives were achieved, including precision control of the rocket's descent to land on the platform at a specific point in the Atlantic ocean, and a large amount of test data was obtained from the first use of grid fin control surfaces used for more precise reentry positioning. The grid fin control system ran out of hydraulic fluid a minute before landing and the landing itself resulted in a crash."
5eb87ceaffd86e000604b33d,DSCOVR,2015-02-11 23:03:00+00:00,2015,5e9e4501f509094ba4566f84,Falcon 9,1.0,False,First launch under USAF's OSP 3 launch contract. First SpaceX launch to put a satellite to an orbit with an orbital altitude many times the distance to the Moon: Sun-Earth libration point L1. The first stage made a test flight descent to an over-ocean landing within 10 m (33 ft) of its intended target.
5eb87ceaffd86e000604b33e,ABS-3A / Eutelsat 115W B,2015-03-02 03:50:00+00:00,2015,5e9e4501f509094ba4566f84,Falcon 9,1.0,False,"The launch was Boeing's first-ever conjoined launch of a lighter-weight dual-commsat stack that was specifically designed to take advantage of the lower-cost SpaceX Falcon 9 launch vehicle. Per satellite, launch costs were less than $30 million. The ABS satellite reached its final destination ahead of schedule and started operations on September 10."
5eb87cecffd86e000604b33f,CRS-6,2015-04-14 20:10:00+00:00,2015,5e9e4501f509094ba4566f84,Falcon 9,1.0,False,"Following the first-stage boost, SpaceX attempted a controlled-descent test of the first stage. The first stage contacted the ship, but soon tipped over due to excess lateral velocity caused by a stuck throttle valve resulting in a later-than-intended downthrottle."
5eb87cedffd86e000604b340,TürkmenÄlem 52°E / MonacoSAT,2015-04-27 23:03:00+00:00,2015,5e9e4501f509094ba4566f84,Falcon 9,1.0,False,
5eb87ceeffd86e000604b341,CRS-7,2015-06-28 14:21:00+00:00,2015,5e9e4501f509094ba4566f84,Falcon 9,0.0,False,"Launch performance was nominal until an overpressure incident in the second-stage LOX tank, leading to vehicle breakup at T+150 seconds. The Dragon capsule survived the explosion but was lost upon splashdown because its software did not contain provisions for parachute deployment on launch vehicle failure."
5eb87cefffd86e000604b342,OG-2 Mission 2,2015-12-22 01:29:00+00:00,2015,5e9e4501f509094ba4566f84,Falcon 9,1.0,False,"Total payload mass was 2,034 kg (4,484 lb) : 11 satellites weighing 172 kg each, plus a 142-kg mass simulator. This was the first launch of the upgraded v1.1 variant (later called Falcon 9 Full Thrust), with a 30 percent power increase. Orbcomm had originally agreed to be the third flight of the enhanced-thrust rocket, but the change to the maiden flight position was announced in October 2015. SpaceX received a permit from the FAA to land the booster on solid ground at Cape Canaveral, and succeeded."
5eb87cf2ffd86e000604b344,SES-9,2016-03-04 23:35:00+00:00,2016,5e9e4501f509094ba4566f84,Falcon 9,1.0,False,"Second launch of the enhanced Falcon 9 Full Thrust launch vehicle. Following the launch, SpaceX attempted an experimental landing test to a drone ship, although a successful landing was not expected because launch mass exceeded previously indicated limit for a GTO there was little fuel left. As predicted, booster recovery failed: the spent first stage ""landed hard"", but the controlled-descent, atmospheric re-entry and navigation to the drone ship were successful and returned significant test data on bringing back high-energy Falcon 9s."
5eb87cf3ffd86e000604b345,CRS-8,2016-04-08 20:43:00+00:00,2016,5e9e4501f509094ba4566f84,Falcon 9,1.0,False,"Dragon carried over 1500 kg of supplies and delivered (stowed in its trunk) the inflatable Bigelow Expandable Activity Module (BEAM) to the ISS for two years of in-orbit tests. The rocket's first stage landed smoothly on SpaceX's autonomous spaceport drone ship 9 minutes after liftoff, making this the first ever successful landing of a rocket booster on a ship at sea as part of an orbital launch. The first stage B1021 was later also the first orbital booster to be used again, when launching SES-10 on March 30, 2017."
5eb87cf5ffd86e000604b346,JCSAT-2B,2016-05-06 05:21:00+00:00,2016,5e9e4501f509094ba4566f84,Falcon 9,1.0,False,"Launched the JCSAT 14 communications satellite for Tokyo-based SKY Perfect JSAT Corp. JCSAT 14 will support data networks, television broadcasters and mobile communications users in Japan, East Asia, Russia, Oceania, Hawaii and other Pacific islands. This was the first time a booster successfully landed after a GTO mission."
5eb87cf6ffd86e000604b347,Thaicom 8,2016-05-27 21:39:00+00:00,2016,5e9e4501f509094ba4566f84,Falcon 9,1.0,False,"Manufactured by Orbital ATK, the 3,100-kilogram (6,800 lb) Thaicom 8 communications satellite will serve Thailand, India and Africa from the 78.5° East geostationary location. It is equipped with 24 active Ku-band transponders."
5eb87cf8ffd86e000604b348,ABS-2A / Eutelsat 117W B,2016-06-15 14:29:00+00:00,2016,5e9e4501f509094ba4566f84,Falcon 9,1.0,False,"One year after pioneering this technique on flight 16, Falcon again launched two Boeing 702SP gridded ion thruster satellites in a dual-stack configuration, with the two customers sharing the rocket and mission costs. First stage landing attempt on drone ship failed on landing due to low thrust on one of the three landing engines."
5eb87cf9ffd86e000604b349,CRS-9,2016-07-18 04:45:00+00:00,2016,5e9e4501f509094ba4566f84,Falcon 9,1.0,False,"Among other cargo, an International Docking Adapter (IDA-2) was carried to the ISS. This mission had a successful first-stage landing at Cape Canaveral.*Including the reusable Dragon Capsule, total payload to orbit was 6457 kg."
5eb87cfaffd86e000604b34a,JCSAT-16,2016-08-14 05:26:00+00:00,2016,5e9e4501f509094ba4566f84,Falcon 9,1.0,False,"First attempt to touch down from a ballistic trajectory using a single-engine landing burn. All previous landings from a ballistic trajectory had fired three engines on the landing-burn, which provided more braking force, but subjected the vehicle to greater structural stresses. The single-engine landing burn takes more time and fuel, but puts less stress on the vehicle."
5eb87cfbffd86e000604b34b,Amos-6,2016-09-01 13:07:00+00:00,2016,5e9e4501f509094ba4566f84,Falcon 9,0.0,False,"The rocket and Amos-6 payload were lost in a launch pad explosion on September 1, 2016 during propellant fill prior to a static fire test. The pad was clear of personnel and there were no injuries."
5eb87cfeffd86e000604b34d,CRS-10,2017-02-19 14:39:00+00:00,2017,5e9e4502f509094188566f88,Falcon 9,1.0,False,"First Falcon 9 flight from the historic LC-39A launchpad at Kennedy Space Center, carrying supplies and materials to support dozens of science and research investigations scheduled during ISS Expeditions 50 and 51. The first stage returned to launch site and landed at LZ-1."
5eb87cfeffd86e000604b34e,EchoStar 23,2017-03-16 06:00:00+00:00,2017,5e9e4502f509094188566f88,Falcon 9,1.0,False,"Communications satellite for EchoStar Corp. EchoStar XXIII, based on a spare platform from the cancelled CMBStar 1 satellite program, will provide direct-to-home television broadcast services over Brazil. There was no attempt at a first-stage recovery so this rocket did not have landing legs or grid fins."
5eb87d00ffd86e000604b34f,SES-10,2017-03-30 22:27:00+00:00,2017,5e9e4502f509094188566f88,Falcon 9,1.0,False,"First payload to fly on a reused first stage, B1021, previously launched with CRS-8, which also landed a second time. In what is also a first, the payload fairing remained intact after a successful splashdown achieved with thrusters and a steerable parachute."
5eb87d01ffd86e000604b350,NROL-76,2017-05-01 11:15:00+00:00,2017,5e9e4502f509094188566f88,Falcon 9,1.0,False,"First launch under SpaceX's certification for national security space missions, which allows SpaceX to contract launch services for classified payloads. Second-stage speed and altitude telemetry were omitted from the launch webcast, which displayed first-stage telemetry instead, with continuous tracking of the booster from liftoff to landing for the first time."
5eb87d01ffd86e000604b351,Inmarsat-5 F4,2017-05-15 23:21:00+00:00,2017,5e9e4502f509094188566f88,Falcon 9,1.0,False,"At 6,070 kg this was the heaviest payload launched to GTO by a Falcon 9 rocket. The launch was originally scheduled for the Falcon Heavy, but performance improvements allowed the mission to be carried out by an expendable Falcon 9 instead."
5eb87d03ffd86e000604b352,CRS-11,2017-06-03 21:07:00+00:00,2017,5e9e4502f509094188566f88,Falcon 9,1.0,True,"This mission delivered the Neutron Star Interior Composition Explorer (NICER) to the ISS, along with the MUSES Earth imaging platform and ROSA solar array. For the first time, this mission launched a refurbished Dragon capsule, serial number C106 which first flew in September 2014 on the CRS-4 mission. Originally scheduled to launch on June 1, but was scrubbed due to inclement weather."
5eb87d04ffd86e000604b353,BulgariaSat-1,2017-06-23 19:10:00+00:00,2017,5e9e4502f509094188566f88,Falcon 9,1.0,False,Second time a booster will be reused: Second flight of B1029 after the Iridium mission of January 2017. The satellite will be the first commercial Bulgarian-owned communications satellite and it will provide television broadcasts and other communications services over southeast Europe.
5eb87d06ffd86e000604b355,Intelsat 35e,2017-07-05 23:35:00+00:00,2017,5e9e4502f509094188566f88,Falcon 9,1.0,False,"Due to the constraints of sending a heavy satellite (~6,000 kg) to GTO, the rocket will fly in its expendable configuration and the first-stage booster will not be recovered."
5eb87d07ffd86e000604b356,CRS-12,2017-08-14 16:31:00+00:00,2017,5e9e4502f509094188566f88,Falcon 9,1.0,False,"Dragon is expected to carry 2,349 kg (5,179 lb) of pressurized mass and 961 kg (2,119 lb) unpressurized. The external payload manifested for this flight is the CREAM cosmic-ray detector. First flight of the Falcon 9 Block 4 upgrade. Last flight of a newly-built Dragon capsule; further missions will use refurbished spacecraft."
5eb87d09ffd86e000604b358,Boeing X-37B OTV-5,2017-09-07 13:50:00+00:00,2017,5e9e4502f509094188566f88,Falcon 9,1.0,False,"Notable because Boeing is the primary contractor of the X-37B, which has until now been launched by ULA, a SpaceX competitor and Boeing partnership. Second flight of the Falcon 9 Block 4 upgrade."
5eb87d0cffd86e000604b35a,SES-11 / Echostar 105,2017-10-11 22:53:00+00:00,2017,5e9e4502f509094188566f88,Falcon 9,1.0,False,"Nineteenth comsat to GTO, also the fourth satellite launched for SES and second for Echostar. Third time a first stage booster will be reused."
5eb87d0dffd86e000604b35b,KoreaSat 5A,2017-10-30 19:34:00+00:00,2017,5e9e4502f509094188566f88,Falcon 9,1.0,False,"KoreaSat 5A is a Ku-band satellite capable of providing communication services from East Africa and Central Asia to southern India, Southeast Asia, the Philippines, Guam, Korea, and Japan. The satellite will be placed in GEO at 113Â° East Longitude, and will provide services ranging from broadband internet to broadcasting services and maritime communications."
5eb87d0effd86e000604b35c,CRS-13,2017-12-15 15:36:00+00:00,2017,5e9e4501f509094ba4566f84,Falcon 9,1.0,False,Will reuse the Dragon capsule previously flown on CRS-6 and will reuse the booster from CRS-11.
5eb87d10ffd86e000604b35e,ZUMA,2018-01-08 01:00:00+00:00,2018,5e9e4501f509094ba4566f84,Falcon 9,1.0,False,"Originally planned for mid-November 2017, the mission was delayed due to test results from the fairing of another customer. First-stage booster will attempt landing at LZ-1"
5eb87d11ffd86e000604b35f,SES-16 / GovSat-1,2018-01-31 21:25:00+00:00,2018,5e9e4501f509094ba4566f84,Falcon 9,1.0,False,"Reused booster from the classified NROL-76 mission in May 2017. Following a successful experimental ocean landing that used three engines, the booster unexpectedly remained intact; Elon Musk stated in a tweet that SpaceX will attempt to tow the booster to shore."
5eb87d13ffd86e000604b360,Falcon Heavy Test Flight,2018-02-06 20:45:00+00:00,2018,5e9e4502f509094188566f88,Falcon Heavy,1.0,False,"The launch was a success, and the side boosters landed simultaneously at adjacent ground pads. Drone ship landing of the central core failed. Final burn to heliocentric mars-earth orbit was successful after the second stage and payload passed through the Van Allen belts."
5eb87d15ffd86e000604b362,Hispasat 30W-6,2018-03-06 05:33:00+00:00,2018,5e9e4501f509094ba4566f84,Falcon 9,1.0,True,Launched with landing legs and titanium grid fins. Did not attempt a landing due to 'unfavorable weather conditions in the recovery area'.
5eb87d16ffd86e000604b364,CRS-14,2018-04-02 20:30:41+00:00,2018,5e9e4501f509094ba4566f84,Falcon 9,1.0,False,"The launch used a refurbished booster (from CRS-12) for the 11th time, and a refurbished capsule (C110 from CRS-8) for the third time. External payloads include a materials research platform MISSE-FF phase 3 of the Robotic Refueling Mission TSIS, heliophysics sensor several crystallization experiments, and the RemoveDebris spacecraft aimed at space junk removal. The booster was expended in order to test a new landing profile."
5eb87d18ffd86e000604b365,TESS,2018-04-18 22:51:00+00:00,2018,5e9e4501f509094ba4566f84,Falcon 9,1.0,False,"Part of the Explorers program, this space telescope is intended for wide-field search of exoplanets transiting nearby stars. It is the first NASA high priority science mission launched by SpaceX. It was the first time SpaceX launched a scientific satellite not primarily intended for Earth observations. The second stage placed it into a high-Earth elliptical orbit, after which the satellite's own booster will perform complex maneuvers including a lunar flyby, and over the course of two months, reach a stable, 2:1 resonant orbit with the Moon. In January 2018, SpaceX received NASA's Launch Services Program Category 2 certification of its Falcon 9 'Full Thrust', certification which is required for launching medium risk missions like TESS. It was the last launch of a new Block 4 booster, and marked the 24th successful recovery of the booster. An experimental water landing was performed in order to attempt fairing recovery."
5eb87d19ffd86e000604b366,Bangabandhu-1,2018-05-11 20:14:00+00:00,2018,5e9e4502f509094188566f88,Falcon 9,1.0,False,First launch of a Block V first stage.
5eb87d1bffd86e000604b368,SES-12,2018-06-04 04:45:00+00:00,2018,5e9e4501f509094ba4566f84,Falcon 9,1.0,False,"SES-12, the replacement satellite for NSS-6, was successfully launched and deployed on June 4th, completing SpaceX's eleventh flight of 2018. According to SES Luxembourg, The SES-12 satellite will expand SES’s capabilities to provide direct-to-home (DTH) broadcasting, VSAT, Mobility and High Throughput Satellite (HTS) data connectivity services in the Middle East and the Asia-Pacific region, including rapidly growing markets such as India and Indonesia. [SES-12] will be co-located with SES-8"
5eb87d1cffd86e000604b369,CRS-15,2018-06-29 09:42:00+00:00,2018,5e9e4501f509094ba4566f84,Falcon 9,1.0,False,"Payload included MISSE-FF 2, ECOSTRESS, and a Latching End Effector. The refurbished booster featured a record 2.5 months period turnaround from its original launch of the TESS satellite — the fastest previous was 4.5 months. This was the last commercial flight of a Block 4 booster, which was expended into the Atlantic without landing legs and grid fins."
5eb87d1effd86e000604b36a,Telstar 19V,2018-07-22 05:50:00+00:00,2018,5e9e4501f509094ba4566f84,Falcon 9,1.0,False,"SSL-manufactured communications satellite intended to be placed at 63° West over the Americas. At 7,075 kg, it became the heaviest commercial communications satellite ever launched."
5eb87d20ffd86e000604b36c,Merah Putih,2018-08-07 05:18:00+00:00,2018,5e9e4501f509094ba4566f84,Falcon 9,1.0,False,SpaceX's fifteenth flight of 2018 launched the Merah Putih (also known as Telkom-4) geostationary communications satellite for Telkom Indonesia. It marked the first reuse of any Block 5 first stage; the booster B1046 had previously launched Bangabandhu-1. The stage was recovered and is expected to become the first Falcon 9 booster to fly three missions.
5eb87d22ffd86e000604b36d,Telstar 18V,2018-09-10 04:45:00+00:00,2018,5e9e4501f509094ba4566f84,Falcon 9,1.0,False,"SpaceX's sixteenth flight of 2018 launched the Telstar 18v GEO communication satellite for Telesat, the second launch for the canadian company in a few months. The first stage was a new Falcon 9 V1.2 Block 5 which was successfully recovered on OCISLY."
5eb87d24ffd86e000604b36f,Es’hail 2,2018-11-15 20:46:00+00:00,2018,5e9e4502f509094188566f88,Falcon 9,1.0,False,SpaceX's eighteenth flight of 2018 was its first for Es'hailSat. Es'hail-2 is a communications satellite delivering television and internet to Qatar and the surrounding region. It was launched into a geostationary transfer orbit from LC-39A at Kennedy Space Center. The booster landed on OCISLY.
5eb87d26ffd86e000604b371,CRS-16,2018-12-05 18:16:00+00:00,2018,5e9e4501f509094ba4566f84,Falcon 9,1.0,False,"SpaceX's 16th Crew Resupply Mission on behalf of NASA, with a total of 20 contracted flights. This will bring essential supplies to the International Space Station using SpaceX's reusable Dragon spacecraft. The Falcon 9 will launch from SLC-40 at Cape Canaveral Air Force Station. During the landing of the first stage, a grid fin hydraulic pump stalled, causing the core to enter an uncontrolled roll, and resulting in a (succesful) water landing."
5eb87d27ffd86e000604b372,GPS III SV01,2018-12-23 13:51:00+00:00,2018,5e9e4501f509094ba4566f84,Falcon 9,1.0,False,SpaceX's twenty-first flight of 2018 launched the first of the new GPS III satellites (Block IIIA) for the United States Air Force and was SpaceX's first EELV mission. The spacecraft was delivered to a MEO transfer orbit from SLC-40 at Cape Canaveral Air Force Station. This mission was the first to fly with the redesigned COPV on the first stage (B1054) as well as the second. The booster was expended.
5eb87d2affd86e000604b374,Nusantara Satu (PSN-6) / S5 / Beresheet,2019-02-22 01:45:00+00:00,2019,5e9e4501f509094ba4566f84,Falcon 9,1.0,False,"SpaceX will launch this rideshare to GTO for Space Systems Loral (SSL). The primary payload for this mission is Nusantara Satu, a communications satellite built by SSL for the private Indonesian company PT Pasifik Satelit Nusantara (PSN). Spaceflight Industries' GTO-1 mission consists of two secondary payloads. One of those is Beresheet, the lunar lander built by the Israeli non-profit organization, SpaceIL. Beresheet will make its own way to the moon from GTO. The other secondary is Air Force Research Lab's (Space Situational Awareness) S5 mission, which hitches a ride to GEO aboard Nusantara Satu. This mission launches from SLC-40 at Cape Canaveral AFS. The booster is expected to land on OCISLY."
5eb87d2bffd86e000604b375,CCtCap Demo Mission 1,2019-03-02 07:45:00+00:00,2019,5e9e4502f509094188566f88,Falcon 9,1.0,False,"Demonstration Mission 1 (DM-1) will launch Dragon 2 as part of NASA's Commercial Crew Transportation Capability program. This mission will demonstrate Dragon 2, and Falcon 9 in its configuration for crewed missions. DM-1 will launch from LC-39A at Kennedy Space Center, likely carrying some cargo to the International Space Station. The booster is expected to land on OCISLY."
5eb87d2dffd86e000604b376,ArabSat 6A,2019-04-11 22:35:00+00:00,2019,5e9e4502f509094188566f88,Falcon Heavy,1.0,False,"SpaceX will launch Arabsat 6A to a geostationary transfer orbit from SLC-39A, KSC. The satellite is a geostationary telecommunications satellite built by Lockheed Martin for the Saudi Arabian company Arabsat. This will be the first operational flight of Falcon Heavy, and also the first Block 5 Falcon Heavy. All three cores will be new Block 5 cores. The side cores are expected to land at LZ-1 and LZ-2, and the center core is expected to land on OCISLY."
5eb87d2effd86e000604b377,CRS-17,2019-05-04 06:48:00+00:00,2019,5e9e4501f509094ba4566f84,Falcon 9,1.0,False,"SpaceX's 17th Commercial Resupply Services mission for NASA out of a total of 20 contracted flights, this mission brings essential supplies to the International Space Station using SpaceX's reusable Dragon 1 spacecraft. The external payloads for this mission include Orbital Carbon Observatory 3 and Space Test Program-Houston 6. The Falcon 9 launches from SLC-40 at Cape Canaveral AFS. The booster was expected to land at LZ-1, however, due to the ongoing investigation and clean-up following the Crew Dragon testing incident, it is likely to land on OCISLY instead.
    "
5eb87d30ffd86e000604b378,Starlink v0.9,2019-05-24 02:30:00+00:00,2019,5e9e4501f509094ba4566f84,Falcon 9,1.0,False,"SpaceX will launch dozens of Starlink demonstration satellites from SLC-40, Cape Canaveral AFS. Starlink is a low Earth orbit broadband internet constellation developed and owned by SpaceX which will eventually consist of nearly 12 000 satellites and will provide low latency internet service to ground terminals around the world. Two prototype satellites, Microsats 2a and 2b, were launched from Vandenberg AFB in February 2018. The booster for this mission will land on OCISLY."
5eb87d35ffd86e000604b37a,STP-2,2019-06-25 03:30:00+00:00,2019,5e9e4502f509094188566f88,Falcon Heavy,1.0,False,"Space Test Program 2 is a rideshare managed by the U.S. Air Force Space and Missile Systems Center (SMC), launching from LC-39A, KSC. Most of the spacecraft will be delivered into low Earth orbit (LEO) in two deployment sequences separated by a second stage burn. These LEO payloads include the six Taiwan and United States owned COSMIC-2 microsatellites, the Planetary Society's LightSail-B demonstrator cubesat, and others. The third and final deployment will be the Air Force Research Lab's DSX spacecraft, which will be delivered to a medium Earth orbit (MEO). This mission will reuse the side cores from Arabsat 6A, which will return to LZ-1, and LZ-2. The new center core will boost back to land on OCISLY less than 40 km from the launch site."
5eb87d36ffd86e000604b37b,CRS-18,2019-07-25 22:01:00+00:00,2019,5e9e4501f509094ba4566f84,Falcon 9,1.0,False,"SpaceX's 18th Commercial Resupply Services mission out of a total of 20 such contracted flights for NASA, this launch will deliver essential supplies to the International Space Station using the reusable Dragon 1 cargo spacecraft. The external payload for this mission is International Docking Adapter 3, replacing IDA-1 lost in SpaceX's CRS-7 launch failure. This mission will launch from SLC-40 at Cape Canaveral AFS on a Falcon 9, and the first-stage booster is expected to land back at CCAFS LZ-1."
5eb87d37ffd86e000604b37c,Amos-17,2019-08-06 22:52:00+00:00,2019,5e9e4501f509094ba4566f84,Falcon 9,1.0,False,"SpaceX will launch Boeing built Amos-17, a geostationary communications satellite for Israeli company Spacecom. The satellite will be delivered to GTO from KSC LC-39A or possibly CCAFS SLC-40, and will replace the defunct Amos-5 at 17° E. Amos-17 carries multi-band high throughput and regional beams servicing Africa, Europe and the Middle East. The cost of this launch is covered for Spacecom by SpaceX credit following the Amos-6 incident. A recovery of the booster for this mission is not expected."
5eb87d39ffd86e000604b37d,Starlink-1,2019-11-11 14:56:00+00:00,2019,5e9e4501f509094ba4566f84,Falcon 9,1.0,False,"This mission will launch the first batch of Starlink version 1.0 satellites, from SLC-40, Cape Canaveral AFS. They are expected to contribute to the 550 km x 53° shell. It is the second Starlink launch overall. Starlink is a low Earth orbit broadband internet constellation developed and owned by SpaceX which will eventually consist of nearly 12 000 satellites and will provide low latency internet service to ground terminals around the world. The booster for this mission is expected to land on OCISLY."
5eb87d39ffd86e000604b37e,CRS-19,2019-12-05 17:29:23+00:00,2019,5e9e4501f509094ba4566f84,Falcon 9,1.0,False,"SpaceX's 19th Crew Resupply Mission on behalf of NASA with a total of 20 contracted flights, this mission brings essential supplies to the International Space Station using SpaceX's reusable Dragon spacecraft. The external payloads for this mission include the Hyperspectral Imager Suite and a lithium-ion battery. Falcon 9 and Dragon will launch from SLC-40, Cape Canaveral AFS. The mission will be complete with return and recovery of the Dragon capsule and down cargo."
5eb87d3bffd86e000604b37f,JCSat 18 / Kacific 1,2019-12-17 00:10:00+00:00,2019,5e9e4501f509094ba4566f84,Falcon 9,1.0,False,SpaceX will launch the Boeing built dual payload satellite to geostationary transfer orbit from XXXX. JCSat 18 is a mobile broadband communications payload built for Sky Perfect JSAT Corporation of Japan and will service Asia Pacific. Kacific 1 is a high throughput broadband internet payload built for Kacific Broadband Satellites and will service certain high demand areas of Southeast Asia and the Pacific. Both payloads share a single chassis. The booster for this mission is expected to land on OCISLY.
5eb87d3cffd86e000604b380,Starlink-2,2020-01-07 02:19:00+00:00,2020,5e9e4501f509094ba4566f84,Falcon 9,1.0,False,"This mission will launch the second batch of Starlink version 1.0 satellites, from SLC-40, Cape Canaveral AFS. They are expected to contribute to the 550 km x 53° shell. It is the third Starlink launch overall. Starlink is a low Earth orbit broadband internet constellation developed and owned by SpaceX which will eventually consist of nearly 12 000 satellites and will provide low latency internet service to ground terminals around the world. The booster for this mission is expected to land on OCISLY."
5eb87d3dffd86e000604b381,Crew Dragon In Flight Abort Test,2020-01-19 14:00:00+00:00,2020,5e9e4502f509094188566f88,Falcon 9,1.0,False,"SpaceX will launch a Crew Dragon capsule from LC-39A, KSC on a fully fueled Falcon 9 rocket and then trigger the launch escape system during the period of maximum dynamic pressure. As part of NASA'a Commercial Crew Integrated Capability program (CCiCap) this test will contribute valuable data to help validate Crew Dragon and its launch abort system. The Crew Dragon will be recovered by GO Searcher after splashdown in the Atlantic Ocean. This flight does not go to orbit. The booster and upper stage are expected to break up following capsule separation and there will be no landing attempt."
5eb87d3fffd86e000604b382,Starlink-3,2020-01-29 14:06:00+00:00,2020,5e9e4501f509094ba4566f84,Falcon 9,1.0,False,"This mission will launch the third batch of Starlink version 1.0 satellites, from SLC-40, Cape Canaveral AFS. It is the fourth Starlink launch overall. The satellites will be delivered to low Earth orbit and will spend a few weeks maneuvering to their operational altitude of 550 km. The booster for this mission is expected to land on OCISLY."
5eb87d41ffd86e000604b383,Starlink-4,2020-02-17 15:05:55+00:00,2020,5e9e4501f509094ba4566f84,Falcon 9,1.0,False,"This mission will launch the fourth batch of Starlink version 1.0 satellites, from SLC-40, Cape Canaveral AFS. It is the fifth Starlink launch overall. The satellites will be delivered to low Earth orbit and will spend a few weeks maneuvering to their operational altitude of 550 km. The booster for this mission is expected to land on OCISLY."
5eb87d42ffd86e000604b384,CRS-20,2020-03-07 04:50:31+00:00,2020,5e9e4501f509094ba4566f84,Falcon 9,1.0,False,"SpaceX's 20th and final Crew Resupply Mission under the original NASA CRS contract, this mission brings essential supplies to the International Space Station using SpaceX's reusable Dragon spacecraft. It is the last scheduled flight of a Dragon 1 capsule. (CRS-21 and up under the new Commercial Resupply Services 2 contract will use Dragon 2.) The external payload for this mission is the Bartolomeo ISS external payload hosting platform. Falcon 9 and Dragon will launch from SLC-40, Cape Canaveral Air Force Station and the booster will land at LZ-1. The mission will be complete with return and recovery of the Dragon capsule and down cargo."
5eb87d43ffd86e000604b385,Starlink-5,2020-03-18 12:16:00+00:00,2020,5e9e4502f509094188566f88,Falcon 9,1.0,False,"The sixth Starlink launch overall and the fifth operational batch of Starlink satellites will launch into orbit aboard a Falcon 9 rocket. This mission is expected to deploy all sixty satellites into an elliptical orbit about fifteen minutes into flight. In the weeks following launch the satellites are expected to utilize their onboard ion thrusters to raise their orbits to 550 km in three groups of 20, making use of precession rates to separate themselves into three planes. The booster will land on a drone ship approximately 628 km downrange."
5eb87d44ffd86e000604b386,Starlink-6,2020-04-22 19:30:00+00:00,2020,5e9e4502f509094188566f88,Falcon 9,1.0,False,"This mission will launch the sixth batch of operational Starlink satellites, which are expected to be version 1.0, from SLC-40, Cape Canaveral AFS. It is the seventh Starlink launch overall. The satellites will be delivered to low Earth orbit and will spend a few weeks maneuvering to their operational altitude of 550 km. The booster for this mission is expected to land on OCISLY."
5eb87d46ffd86e000604b388,CCtCap Demo Mission 2,2020-05-30 19:22:00+00:00,2020,5e9e4502f509094188566f88,Falcon 9,1.0,False,"SpaceX will launch the second demonstration mission of its Crew Dragon vehicle as part of NASA's Commercial Crew Transportation Capability Program (CCtCap), carrying two NASA astronauts to the International Space Station. Barring unexpected developments, this mission will be the first crewed flight to launch from the United States since the end of the Space Shuttle program in 2011. DM-2 demonstrates the Falcon 9 and Crew Dragon's ability to safely transport crew to the space station and back to Earth and it is the last major milestone for certification of Crew Dragon. Initially the mission duration was planned to be no longer than two weeks, however NASA has been considering an extension to as much as six weeks or three months. The astronauts have been undergoing additional training for the possible longer mission."
5eb87d45ffd86e000604b387,Starlink-7,2020-06-04 01:25:00+00:00,2020,5e9e4501f509094ba4566f84,Falcon 9,1.0,False,"This mission will launch the seventh batch of operational Starlink satellites, which are expected to be version 1.0, from SLC-40, Cape Canaveral AFS. It is the eighth Starlink launch overall. The satellites will be delivered to low Earth orbit and will spend a few weeks maneuvering to their operational altitude of 550 km. The booster for this mission is expected to land on JRTI on its first mission since arriving at Port Canaveral."
5eb87d46ffd86e000604b389,Starlink-8 & SkySat 16-18,2020-06-13 09:21:00+00:00,2020,5e9e4501f509094ba4566f84,Falcon 9,1.0,False,"This mission will launch the eighth batch of operational Starlink satellites, which are expected to be version 1.0, from SLC-40, Cape Canaveral AFS. It is the ninth Starlink launch overall. The satellites will be delivered to low Earth orbit and will spend a few weeks maneuvering to their operational altitude of 550 km. This mission is includes rideshare payloads, SkySats 16-18, on top of the Starlink stack. The booster for this mission is expected to land an ASDS."
5eb87d4affd86e000604b38b,GPS III SV03 (Columbus),2020-06-30 19:55:00+00:00,2020,5e9e4501f509094ba4566f84,Falcon 9,1.0,False,"SpaceX will launch GPS Block III Space Vehicle 03 from SLC-40, Cape Canaveral AFS aboard a Falcon 9. GPS III is owned and operated by the US Air Force and produced by Lockheed Martin. This is the third GPS III satellite and the second launched by SpaceX. The satellite will be delivered into a MEO transfer orbit. The booster for this mission is expected to land on an ASDS."
5eb87d50ffd86e000604b394,ANASIS-II,2020-07-20 21:30:00+00:00,2020,5e9e4501f509094ba4566f84,Falcon 9,1.0,False,"SpaceX will launch ANASIS-II, a South Korean geostationary military communication satellite from LC-39A, Kennedy Space Center. It will be South Korea's first dedicated military communications satellite. Falcon 9 will deliver the satellite to a geostationary transfer orbit. The booster is expected to land downrange on an ASDS."
5ed9819a1f30554030d45c29,Starlink-9 (v1.0) & BlackSky Global 5-6,2020-08-07 05:12:00+00:00,2020,5e9e4502f509094188566f88,Falcon 9,1.0,False,"This mission will launch the ninth batch of operational Starlink satellites, which are expected to be version 1.0, from LC-39A, Kennedy Space Center. It is the tenth Starlink launch overall. The satellites will be delivered to low Earth orbit and will spend a few weeks maneuvering to their operational altitude of 550 km. This mission is includes a rideshare of two BlackSky satellites on top of the Starlink stack. The booster for this mission is expected to land an ASDS."
5ed981d91f30554030d45c2a,Starlink-10 (v1.0) & SkySat 19-21,2020-08-18 14:31:00+00:00,2020,5e9e4501f509094ba4566f84,Falcon 9,1.0,False,"This mission will launch the tenth batch of operational Starlink satellites, which are expected to be version 1.0, from LC-39A, Kennedy Space Center. It is the eleventh Starlink launch overall. The satellites will be delivered to low Earth orbit and will spend a few weeks maneuvering to their operational altitude of 550 km. This mission is includes rideshare payloads, SkySats 19-21, on top of the Starlink stack. The booster for this mission is expected to land on an ASDS."
5eb87d47ffd86e000604b38a,"SAOCOM 1B, GNOMES-1, Tyvak-0172",2020-08-30 23:18:00+00:00,2020,5e9e4501f509094ba4566f84,Falcon 9,1.0,False,"SpaceX's Falcon 9 will launch the second of the two satellite SAOCOM 1 satellites into a sun-synchronous polar orbit from SLC-40, Cape Canaveral AFS. SAOCOM 1B is a synthetic aperture radar Earth observation satellite to support disaster management. The SAOCOM spacecraft are operated by CONAE, the Argentinian National Space Activities Commission, and are built by INVAP. This mission is also expected to include rideshare payloads Sequoia, and GNOMES-1. This will be the first polar launch from the Space Coast in 60 years. The launch azimuth will be southward and the booster will land at LZ-1."
5ef6a1e90059c33cee4a828a,Starlink-11 (v1.0),2020-09-03 12:46:00+00:00,2020,5e9e4502f509094188566f88,Falcon 9,1.0,False,"This mission will launch the eleventh batch of operational Starlink satellites, which are expected to be version 1.0, from SLC-40, Cape Canaveral Air Force Station. It is the twelfth Starlink launch overall. The satellites will be delivered to low Earth orbit and will spend a few weeks maneuvering to their operational altitude of 550 km. The booster for this mission is expected to land on an ASDS."
5ef6a2090059c33cee4a828b,Starlink-12 (v1.0),2020-10-06 11:29:00+00:00,2020,5e9e4502f509094188566f88,Falcon 9,1.0,False,"This mission will launch the twelfth batch of operational Starlink satellites, which are expected to be version 1.0, from SLC-40, Cape Canaveral Air Force Station. It is the thirteenth Starlink launch overall. The satellites will be delivered to low Earth orbit and will spend a few weeks maneuvering to their operational altitude of 550 km. The booster for this mission is expected to land on an ASDS."
5ef6a2bf0059c33cee4a828c,Starlink-13 (v1.0),2020-10-18 12:25:00+00:00,2020,5e9e4502f509094188566f88,Falcon 9,1.0,False,"This mission will launch the thirteenth batch of operational Starlink satellites, which are expected to be version 1.0, from LC-39A, Kennedy Space Center. It is the fourteenth Starlink launch overall. The satellites will be delivered to low Earth orbit and will spend a few weeks maneuvering to their operational altitude of 550 km. The booster for this mission is expected to land on an ASDS."
5ef6a2e70059c33cee4a8293,Starlink-14 (v1.0),2020-10-24 15:31:00+00:00,2020,5e9e4501f509094ba4566f84,Falcon 9,1.0,False,"This mission will launch the fourteenth batch of operational Starlink satellites, which are expected to be version 1.0, from SLC-40, Kennedy Space Center. It is the fifteenth Starlink launch overall. The satellites will be delivered to low Earth orbit and will spend a few weeks maneuvering to their operational altitude of 550 km. The booster for this mission is expected to land on JRTI."
5eb87d4cffd86e000604b38d,GPS III SV04 (Sacagawea),2020-11-05 23:24:00+00:00,2020,5e9e4501f509094ba4566f84,Falcon 9,1.0,False,"SpaceX will launch GPS Block III Space Vehicle 04 from SLC-40, Cape Canaveral AFS aboard a Falcon 9. GPS III is owned and operated by the US Air Force and produced by Lockheed Martin. This will be the fourth GPS III satellite launched and the third launched by SpaceX. The satellite will be delivered into a MEO transfer orbit. The booster for this mission will land on an ASDS."
5eb87d4dffd86e000604b38e,Crew-1,2020-11-16 00:27:00+00:00,2020,5e9e4502f509094188566f88,Falcon 9,1.0,False,"SpaceX will launch the first operational mission of its Crew Dragon vehicle as part of NASA's Commercial Crew Transportation Capability Program (CCtCap), carrying 3 NASA astronauts and 1 JAXA astronaut to the International Space Station. This mission will be the second crewed flight to launch from the United States since the end of the Space Shuttle program in 2011."
5fb95b3f3a88ae63c954603c,Starlink-15 (v1.0),2020-11-25 02:13:00+00:00,2020,5e9e4501f509094ba4566f84,Falcon 9,1.0,False,"This mission will launch the fifteenth batch of operational Starlink satellites, which are version 1.0, from SLC-40, Cape Canaveral Air Force Station. It will be the sixteenth Starlink launch overall. The satellites will be delivered to low Earth orbit and will spend a few weeks maneuvering to their operational altitude of 550 km. The booster for this mission is expected to land on an ASDS."
5eb87d4effd86e000604b391,CRS-21,2020-12-06 16:17:00+00:00,2020,5e9e4502f509094188566f88,Falcon 9,1.0,False,"SpaceX's 21st ISS resupply mission on behalf of NASA and the first under the CRS-2 contract, this mission brings essential supplies to the International Space Station using the cargo variant of SpaceX's Dragon 2 spacecraft. The external payload for this mission is the Nanoracks Bishop Airlock. Falcon 9 and Dragon launch from LC-39A, Kennedy Space Center and the booster is expected to land on an ASDS. The mission will be complete with return and recovery of the Dragon capsule and down cargo."
5eb87d4bffd86e000604b38c,SXM-7,2020-12-13 17:30:00+00:00,2020,5e9e4501f509094ba4566f84,Falcon 9,1.0,False,"SpaceX will launch the first of two next generation high power S-band broadcast satellites for SiriusXM. The spacecraft will be delivered into a geostationary transfer orbit and the booster will be recovered downrange. The spacecraft is built by Space Systems Loral (SSL) on the SSL 1300 platform and includes two solar arrays producing 20kW, and an unfurlable antenna dish. SXM-7 will replace XM-3 in geostationary orbit."
5f8399fb818d8b59f5740d43,NROL-108,2020-12-19 14:00:00+00:00,2020,5e9e4502f509094188566f88,Falcon 9,1.0,False,"SpaceX will launch NROL-108 for the National Reconnaissance Office aboard a Falcon 9 from SLC-40, Cape Canaveral Air Force Station. The booster for this mission is expected to land at LZ-1."
5eb87d4fffd86e000604b393,Turksat 5A,2021-01-08 02:15:00+00:00,2021,5e9e4501f509094ba4566f84,Falcon 9,1.0,False,"SpaceX will launch the first of two next generation satellites on contract for Türksat. Türksat 5A is a Ku-band broadcast satellite built by Airbus Defense and Space and based on the Electric Orbit Raising version of the Eurostar E3000 platform. This spacecraft will be delivered into a transfer orbit and will then raise itself to its operational 31° East geostationary orbit to serve Turkey, the Middle East, Europe, North Africa and South Africa. The booster for this mission will be recovered downrange via ASDS."
5fbfecce54ceb10a5664c80a,Starlink-16 (v1.0),2021-01-20 13:02:00+00:00,2021,5e9e4502f509094188566f88,Falcon 9,1.0,False,"This mission launches the sixteenth batch of operational Starlink satellites, which are version 1.0, from SLC-40 or LC-39A. It is the seventeenth Starlink launch overall. The satellites will be delivered to low Earth orbit and will spend a few weeks maneuvering to their operational altitude. The booster is expected to land on an ASDS."
5fd386aa7faea57d297c86c1,Transporter-1,2021-01-24 15:00:00+00:00,2021,5e9e4501f509094ba4566f84,Falcon 9,1.0,False,SpaceX will launch a dedicated rideshare mission from SLC-40 or LC-39A. The spacecraft will be delivered into a sun-synchronous orbit. The booster for this mission is expected to land on an ASDS.
5ff6554f9257f579ee3a6c5f,Starlink-18 (v1.0),2021-02-04 06:19:00+00:00,2021,5e9e4501f509094ba4566f84,Falcon 9,1.0,False,"This mission launches the eighteenth batch of operational Starlink satellites, which are version 1.0, from SLC-40. It is the nineteenth Starlink launch overall. The satellites will be delivered to low Earth orbit and will spend a few weeks maneuvering to their operational altitude. The booster is expected to land on an ASDS."
600f9a5e8f798e2a4d5f979c,Starlink-19 (v1.0),2021-02-16 03:59:00+00:00,2021,5e9e4501f509094ba4566f84,Falcon 9,1.0,False,"This mission launches the eighteenth batch of operational Starlink satellites, which are version 1.0, from SLC-40. It is the nineteenth Starlink launch overall. The satellites will be delivered to low Earth orbit and will spend a few weeks maneuvering to their operational altitude. The booster is expected to land on an ASDS."
5fbfecfe54ceb10a5664c80b,Starlink-17 (v1.0),2021-03-04 08:24:00+00:00,2021,5e9e4502f509094188566f88,Falcon 9,1.0,False,"This mission launches the sixteenth batch of operational Starlink satellites, which are version 1.0, from LC-39A. It is the eighteenth Starlink launch overall. The satellites will be delivered to low Earth orbit and will spend a few weeks maneuvering to their operational altitude. The booster is expected to land on an ASDS."
600f9a718f798e2a4d5f979d,Starlink-20 (v1.0),2021-03-11 08:13:00+00:00,2021,5e9e4501f509094ba4566f84,Falcon 9,1.0,False,"This mission launches the 20th batch of operational Starlink satellites, which are version 1.0, from LC-39A or SLC-40. It is the 21st Starlink launch overall. The satellites will be delivered to low Earth orbit and will spend a few weeks maneuvering to their operational altitude. The booster is expected to land on an ASDS."
600f9a8d8f798e2a4d5f979e,Starlink-21 (v1.0),2021-03-14 10:01:00+00:00,2021,5e9e4502f509094188566f88,Falcon 9,1.0,False,"This mission launches the 21st batch of operational Starlink satellites, which are version 1.0, from LC-39A or SLC-40. It is the 22nd Starlink launch overall. The satellites will be delivered to low Earth orbit and will spend a few weeks maneuvering to their operational altitude. The booster is expected to land on an ASDS."
60428aafc041c16716f73cd7,Starlink-22 (v1.0),2021-03-24 08:28:00+00:00,2021,5e9e4501f509094ba4566f84,Falcon 9,1.0,False,"This mission launches the 22nd batch of operational Starlink satellites, which are version 1.0, from or SLC-40. It is the 23rd Starlink launch overall. The satellites will be delivered to low Earth orbit and will spend a few weeks maneuvering to their operational altitude. The booster is expected to land on an ASDS."
60428ac4c041c16716f73cd8,Starlink-23 (v1.0),2021-04-07 16:34:00+00:00,2021,5e9e4501f509094ba4566f84,Falcon 9,1.0,False,"This mission launches the 23rd batch of operational Starlink satellites, which are version 1.0, from or SLC-40 or LC-39A. It is the 24th Starlink launch overall. The satellites will be delivered to low Earth orbit and will spend a few weeks maneuvering to their operational altitude. The booster is expected to land on an ASDS."
5fe3af58b3467846b324215f,Crew-2,2021-04-23 09:49:00+00:00,2021,5e9e4502f509094188566f88,Falcon 9,1.0,False,"SpaceX launches the second operational mission of its Crew Dragon vehicle as part of NASA's Commercial Crew Program, carrying NASA astronauts Shane Kimbrough, Megan McArthur, Thomas Pesquet, and Akihiko Hoshide to the International Space Station. The Falcon 9 and Crew Dragon lift off from LC-39A, Kennedy Space Center. Both the booster and the capsule have flown previously, each a first for a commercial crew flight. The booster for this mission is expected to land on an ASDS. The mission will be complete with the safe return of the astronauts to Earth."
605b4b6aaa5433645e37d03f,Starlink-24 (v1.0),2021-04-29 03:44:00+00:00,2021,5e9e4501f509094ba4566f84,Falcon 9,1.0,False,"This mission launches the 24th batch of operational Starlink satellites, which are version 1.0, from LC-39A or SLC-40. It is the 25th Starlink launch overall. The satellites will be delivered to low Earth orbit and will spend a few weeks maneuvering to their operational altitude. The booster is expected to land on an ASDS."
605b4b7daa5433645e37d040,Starlink-25 (v1.0),2021-05-04 19:01:00+00:00,2021,5e9e4502f509094188566f88,Falcon 9,1.0,False,"This mission launches the 25th batch of operational Starlink satellites, which are version 1.0, from LC-39A. It is the 26th Starlink launch overall. The satellites will be delivered to low Earth orbit and will spend a few weeks maneuvering to their operational altitude. The booster is expected to land on OCISLY."
6079bd1c9a06446e8c61bf76,Starlink-27 (v1.0),2021-05-09 06:42:00+00:00,2021,5e9e4501f509094ba4566f84,Falcon 9,1.0,False,"This mission launches the 26th batch of operational Starlink satellites, which are version 1.0, from SLC-40. It is the 27th Starlink launch overall. The satellites will be delivered to low Earth orbit and will spend a few weeks maneuvering to their operational altitude. The booster is expected to land on an ASDS."
605b4b95aa5433645e37d041,Starlink-26 (v1.0) + Capella-6 + Tyvak-0130,2021-05-15 22:54:00+00:00,2021,5e9e4502f509094188566f88,Falcon 9,1.0,False,"This mission launches the 27th batch of operational Starlink satellites, which are version 1.0, from LC-39A or SLC-40. It is the 28th Starlink launch overall. The satellites will be delivered to low Earth orbit and will spend a few weeks maneuvering to their operational altitude. The booster is expected to land on an ASDS."
6079bd399a06446e8c61bf77,Starlink-28 (v1.0),2021-05-26 18:59:00+00:00,2021,5e9e4501f509094ba4566f84,Falcon 9,1.0,False,"This mission launches the 28th batch of operational Starlink satellites, which were version 1.0, from SLC-40. It was the 29th Starlink launch overall. The satellites plan to be delivered to low Earth orbit and will spend a few weeks maneuvering to their operational altitude. The booster is expected to land on ASDS JRTI."
5fe3af84b3467846b3242161,CRS-22 & IROSA,2021-06-03 17:29:00+00:00,2021,5e9e4502f509094188566f88,Falcon 9,1.0,False,"SpaceX's 22nd ISS resupply mission on behalf of NASA, this mission sends essential supplies to the International Space Station using the cargo variant of SpaceX's Dragon 2 spacecraft. The external payload for this mission is the first pair of ISS Roll Out Solar Arrays. Falcon 9 and Dragon launch from LC-39A, Kennedy Space Center and the booster is expected to land on an ASDS. The mission will be complete with splashdown and recovery of the capsule and down cargo."
5fe3af6db3467846b3242160,SXM-8,2021-06-06 04:26:00+00:00,2021,5e9e4501f509094ba4566f84,Falcon 9,1.0,False,"SpaceX launches the second of two next generation satellites for SiriusXM from SLC-40, Cape Canaveral Space Force Station. The spacecraft will be delivered into a sub-synchronous geostationary transfer orbit and will replace XM-4 in geostationary orbit. The booster for this mission will land on an ASDS."
5eb87d4effd86e000604b390,GPS III SV05,2021-06-17 16:09:00+00:00,2021,5e9e4501f509094ba4566f84,Falcon 9,1.0,False,"SpaceX's fourth GPS III launch will use the first stage from the previous GPS mission. This will be the first time a National Security Space Launch has flown on a flight proven booster. Falcon 9 will launch from SLC-40, Cape Canaveral and the booster will land downrange on a drone ship. GPS III is the third generation of the U.S. Space Force's NAVSTAR Global Positioning System satellites, developed by Lockheed Martin. The GPS III constellation will feature a cross-linked command and control architecture, allowing the entire GPS constellation to be updated simultaneously from a single ground station. A new spot beam capability for enhanced military coverage and increased resistance to hostile jamming will be incorporated."
600f9b6d8f798e2a4d5f979f,Transporter-2,2021-06-30 19:31:00+00:00,2021,5e9e4501f509094ba4566f84,Falcon 9,1.0,False,"Falcon 9 launches to sun-synchronous polar orbit from Florida as part of SpaceX's Rideshare program dedicated to smallsat customers. The mission lifts off from SLC-40, Cape Canaveral on a southward azimuth and performs a dogleg maneuver. The booster for this mission is expected to return to LZ-1 based on FCC communications filings. This rideshare takes approximately 90 satellites and hosted payloads into orbit on a variety of deployers including three free-flying spacecraft which dispense their customers' satellites after separation from the SpaceX stack."
5fe3b11eb3467846b324216c,CRS-23,2021-08-29 07:14:00+00:00,2021,5e9e4502f509094188566f88,Falcon 9,1.0,False,"SpaceX's 23rd ISS resupply mission on behalf of NASA, this mission brings essential supplies to the International Space Station using the cargo variant of SpaceX's Dragon 2 spacecraft. Cargo includes several science experiments. The booster for this mission is expected to land on an ASDS. The mission will be complete with return and recovery of the Dragon capsule and down cargo."
607a37565a906a44023e0866,Inspiration4,2021-09-16 00:02:00+00:00,2021,5e9e4502f509094188566f88,Falcon 9,1.0,False,"Inspiration4 is the world’s first all-civilian mission to space. The mission will be commanded by Jared Isaacman, the 37-year-old founder and Chief Executive Officer of Shift4 Payments and an accomplished pilot and adventurer. Inspiration4 will leave Earth from Kennedy Space Center’s historic Launch Complex 39A, the embarkation point for Apollo and Space Shuttle missions, and travel across a low earth orbit on a multi-day journey that will continually eclipse more than 90% of the earth’s population. Named in recognition of the four-person crew that will raise awareness and funds for St. Jude Children’s Research Hospital, this milestone represents a new era for human spaceflight and exploration."
5fe3b15eb3467846b324216d,Crew-3,2021-11-11 02:03:00+00:00,2021,5e9e4502f509094188566f88,Falcon 9,1.0,False,"SpaceX will launch the third operational mission of its Crew Dragon vehicle as part of NASA's Commercial Crew Program, carrying four astronauts to the International Space Station, including 1 international partner This mission will fly on a new capsule and a once used booster. The booster will land downrange on a drone ship. The Crew-2 mission returns from the space station in November."
618faad2563d69573ed8ca9d,Starlink 4-1 (v1.5),2021-11-13 12:40:00+00:00,2021,5e9e4501f509094ba4566f84,Falcon 9,1.0,False,
6161c94c6db1a92bfba85349,Starlink 4-3 (v1.5),2021-12-01 23:20:00+00:00,2021,5e9e4501f509094ba4566f84,Falcon 9,1.0,False,
6161c88d6db1a92bfba85348,IXPE,2021-12-09 06:00:00+00:00,2021,5e9e4502f509094188566f88,Falcon 9,1.0,False,
5fe3afc1b3467846b3242164,Türksat 5B,2021-12-19 03:58:00+00:00,2021,5e9e4501f509094ba4566f84,Falcon 9,1.0,False,"The Türksat 5B communication satellite, which its construction work continues at Airbus Defense and Space's facilities in Toulouse, France, will soon be sent to the Cape Canaveral Space Launch Station located in Florida, United States. The satellite will be launched into space onboard the Falcon 9 rocket following pre-launch preparations. With an estimated in-orbit lifetime of 30 years and the aim of securing Turkey’s orbital and frequency rights, Türksat 5B will be launched into an orbital slot at 42 degrees East. With 12 kW power, Türksat 5B will provide TV broadcasting and data communication services over a wide coverage area that reaches the entire Middle East, the Persian Gulf, the Red Sea, the Mediterranean, North Africa, East Africa, South Africa and Nigeria. Apart from that, the satellite will also provide customized services for airlines and commercial ship operators around the world thanks to the fact that it operates in Ka-Band."
6161d2006db1a92bfba85356,CRS-24,2021-12-21 10:06:00+00:00,2021,5e9e4502f509094188566f88,Falcon 9,1.0,False,"SpaceX's 24th ISS resupply mission on behalf of NASA, this mission brings essential supplies to the International Space Station using the cargo variant of SpaceX's Dragon 2 spacecraft. Cargo includes several science experiments. The booster for this mission is expected to land on an ASDS. The mission will be complete with return and recovery of the Dragon capsule and down cargo."
61d5eca1f88e4c5fc91f1eb7,Starlink 4-5 (v1.5),2022-01-06 21:49:00+00:00,2022,5e9e4502f509094188566f88,Falcon 9,1.0,False,
61bf3e31cd5ab50b0d936345,Transporter-3,2022-01-13 15:25:00+00:00,2022,5e9e4501f509094ba4566f84,Falcon 9,1.0,False,
61e048bbbe8d8b66799018d0,Starlink 4-6 (v1.5),2022-01-19 00:04:00+00:00,2022,5e9e4502f509094188566f88,Falcon 9,1.0,False,
6161d32d6db1a92bfba85359,CSG-2,2022-01-31 23:11:12+00:00,2022,5e9e4501f509094ba4566f84,Falcon 9,1.0,False,"Falcon 9 launches to sun-synchronous polar orbit from Florida as part of CSG-2 Mission. The mission lifts off from SLC-40, Cape Canaveral on a southward azimuth and performs a dogleg maneuver. The booster for this mission is expected to return to LZ-1 based on FCC communications filings"
61e048ffbe8d8b66799018d1,Starlink 4-7 (v1.5),2022-02-03 18:13:00+00:00,2022,5e9e4502f509094188566f88,Falcon 9,1.0,False,
61fc01dae0dc5662b76489a7,Starlink 4-8 (v1.5),2022-02-21 14:44:00+00:00,2022,5e9e4501f509094ba4566f84,Falcon 9,1.0,False,
61fc0224e0dc5662b76489ab,Starlink 4-9 (v1.5),2022-03-03 14:35:00+00:00,2022,5e9e4502f509094188566f88,Falcon 9,1.0,False,
61fc0243e0dc5662b76489ae,Starlink 4-10 (v1.5),2022-03-09 13:45:00+00:00,2022,5e9e4501f509094ba4566f84,Falcon 9,1.0,False,
6234908cf051102e1fcedac4,Starlink 4-12 (v1.5),2022-03-19 03:24:00+00:00,2022,5e9e4501f509094ba4566f84,Falcon 9,1.0,False,
6243ad8baf52800c6e919252,Transporter-4,2022-04-01 16:24:00+00:00,2022,5e9e4501f509094ba4566f84,Falcon 9,1.0,False,
61eefaa89eb1064137a1bd73,Ax-1,2022-04-08 15:17:00+00:00,2022,5e9e4502f509094188566f88,Falcon 9,1.0,False,"Axiom Mission 1 (or Ax-1) is a planned SpaceX Crew Dragon mission to the International Space Station (ISS), operated by SpaceX on behalf of Axiom Space. The flight will launch no earlier than 31 March 2022 and send four people to the ISS for an eight-day stay"
6243ada6af52800c6e919253,Starlink 4-14 (v1.5),2022-04-21 15:16:00+00:00,2022,5e9e4501f509094ba4566f84,Falcon 9,1.0,False,
6243ade2af52800c6e919255,Crew-4,2022-04-27 07:52:00+00:00,2022,5e9e4502f509094188566f88,Falcon 9,1.0,False,
62582a6f5988f159024b964b,Starlink 4-16 (v1.5),2022-04-29 21:27:00+00:00,2022,5e9e4501f509094ba4566f84,Falcon 9,1.0,False,
62582a855988f159024b964c,Starlink 4-17 (v1.5),2022-05-06 09:42:00+00:00,2022,5e9e4502f509094188566f88,Falcon 9,1.0,False,
625828f25988f159024b9643,Starlink 4-15 (v1.5),2022-05-14 20:40:00+00:00,2022,5e9e4501f509094ba4566f84,Falcon 9,1.0,False,
62615ebc0ec008379be596fa,Starlink 4-18 (v1.5),2022-05-18 10:40:00+00:00,2022,5e9e4502f509094188566f88,Falcon 9,1.0,False,
6243ae24af52800c6e919258,Transporter-5,2022-05-25 18:27:00+00:00,2022,5e9e4501f509094ba4566f84,Falcon 9,1.0,False,
6278481757b51b752c5c5a5f,Starlink 4-19 (v1.5),2022-06-01 17:08:50+00:00,2022,5e9e4502f509094188566f88,Falcon 9,1.0,False,
6243ae0aaf52800c6e919257,Nilesat-301,2022-06-08 21:04:00+00:00,2022,5e9e4501f509094ba4566f84,Falcon 9,1.0,False,
62a9f08b20413d2695d88711,Globalstar FM15,2022-06-19 04:27:00+00:00,2022,5e9e4501f509094ba4566f84,Falcon 9,1.0,False,
6243aea5af52800c6e91925c,SES-22,2022-06-29 21:04:00+00:00,2022,5e9e4501f509094ba4566f84,Falcon 9,1.0,False,
62a9f0c920413d2695d88712,Starlink 4-21 (v1.5),2022-07-07 13:11:00+00:00,2022,5e9e4501f509094ba4566f84,Falcon 9,1.0,False,
6243ae40af52800c6e919259,CRS-25,2022-07-15 00:44:00+00:00,2022,5e9e4502f509094188566f88,Falcon 9,1.0,False,
62a9f0f820413d2695d88714,Starlink 4-22 (v1.5),2022-07-17 14:50:00+00:00,2022,5e9e4501f509094ba4566f84,Falcon 9,1.0,False,
62a9f12820413d2695d88716,Starlink 4-25 (v1.5),2022-07-24 00:00:00+00:00,2022,5e9e4501f509094ba4566f84,Falcon 9,1.0,False,
62a9f86420413d2695d88719,KPLO,2022-08-04 23:08:00+00:00,2022,5e9e4501f509094ba4566f84,Falcon 9,1.0,False,
62a9f8b320413d2695d8871b,Starlink 4-26 (v1.5),2022-08-09 22:57:00+00:00,2022,5e9e4502f509094188566f88,Falcon 9,1.0,False,
62f3b5200f55c50e192a4e6c,Starlink 4-27 (v1.5),2022-08-19 19:24:00+00:00,2022,5e9e4501f509094ba4566f84,Falcon 9,1.0,False,
62f3b5290f55c50e192a4e6d,Starlink 4-23 (v1.5),2022-08-28 02:22:00+00:00,2022,5e9e4502f509094188566f88,Falcon 9,1.0,False,
62f3b5330f55c50e192a4e6e,Starlink 4-20 (v1.5) & Sherpa LTC-2/Varuna-TDM,2022-09-05 02:09:00+00:00,2022,5e9e4501f509094ba4566f84,Falcon 9,1.0,False,
62a9f89a20413d2695d8871a,Starlink 4-2 (v1.5) & Blue Walker 3,2022-09-11 01:10:00+00:00,2022,5e9e4502f509094188566f88,Falcon 9,1.0,False,
63161329ffc78f3b8567070b,Starlink 4-34 (v1.5),2022-09-17 01:05:00+00:00,2022,5e9e4501f509094ba4566f84,Falcon 9,1.0,False,
63161339ffc78f3b8567070c,Starlink 4-35 (v1.5),2022-09-24 23:30:00+00:00,2022,5e9e4501f509094ba4566f84,Falcon 9,1.0,False,
62dd70d5202306255024d139,Crew-5,2022-10-05 16:00:00+00:00,2022,5e9e4502f509094188566f88,Falcon 9,1.0,False,
